{
    "overall_accuracy": 0.9701492537313433,
    "macro_metrics": {
        "precision": 0.953034051513623,
        "recall": 0.9606153794993627,
        "f1": 0.9565594108264586
    },
    "per_class_metrics": {
        "C": {
            "precision": 0.9873417721518988,
            "recall": 0.9873417721518988,
            "f1": 0.9873417721518988,
            "support": 79
        },
        "Other": {
            "precision": 0.9032258064516129,
            "recall": 0.9032258064516129,
            "f1": 0.9032258064516129,
            "support": 31
        },
        "S": {
            "precision": 1.0,
            "recall": 0.9727272727272728,
            "f1": 0.9861751152073732,
            "support": 110
        },
        "X": {
            "precision": 0.9215686274509803,
            "recall": 0.9791666666666666,
            "f1": 0.9494949494949495,
            "support": 48
        }
    }
}