{
    "overall_accuracy": 0.9589552238805971,
    "macro_metrics": {
        "precision": 0.9342948717948718,
        "recall": 0.9627052863258968,
        "f1": 0.9465731370330468
    },
    "per_class_metrics": {
        "C": {
            "precision": 1.0,
            "recall": 0.9493670886075949,
            "f1": 0.974025974025974,
            "support": 79
        },
        "Other": {
            "precision": 0.8333333333333334,
            "recall": 0.967741935483871,
            "f1": 0.8955223880597015,
            "support": 31
        },
        "S": {
            "precision": 1.0,
            "recall": 0.9545454545454546,
            "f1": 0.9767441860465116,
            "support": 110
        },
        "X": {
            "precision": 0.9038461538461539,
            "recall": 0.9791666666666666,
            "f1": 0.94,
            "support": 48
        }
    }
}