{
    "overall_accuracy": 0.9626865671641791,
    "macro_metrics": {
        "precision": 0.9412910023822613,
        "recall": 0.9600780544316171,
        "f1": 0.9498515821096466
    },
    "per_class_metrics": {
        "C": {
            "precision": 1.0,
            "recall": 0.9620253164556962,
            "f1": 0.9806451612903225,
            "support": 79
        },
        "Other": {
            "precision": 0.8529411764705882,
            "recall": 0.9354838709677419,
            "f1": 0.8923076923076924,
            "support": 31
        },
        "S": {
            "precision": 0.9906542056074766,
            "recall": 0.9636363636363636,
            "f1": 0.9769585253456221,
            "support": 110
        },
        "X": {
            "precision": 0.9215686274509803,
            "recall": 0.9791666666666666,
            "f1": 0.9494949494949495,
            "support": 48
        }
    }
}